Comment,Designator,Description,Footprint,Quantity,LCSC Part #

"YC164-JR-0768RL","RN111, RN112, RN113, RN114, RN121, RN122, RN123, RN124, RN211, RN212, RN213, RN214, RN221, RN222, RN223, RN224, RN311, RN312, RN313, RN314, RN321, RN322, RN323, RN324, RN411, RN412, RN413, RN414, RN421, RN422, RN423, RN424","Resistor Network","YC164JR0768RL","32","C695188"
"47K","R552","Resistor","RESC1005X40N","1","C163440"
"33R","R514, R550, R551","Resistor","RESC1005X40N","3","C137880"
"1K","R501, R502, R503, R504, R505, R506, R507, R508, R515, R516, R517, R518","Resistor","RESC1005X40N","12","C279981"
"68R","R6, R519, R520, R521, R522, R523","Resistor","RESC1005X40N","6","C163455"
"10K","R1, R2, R3, R4, R5, R509, R510, R511, R512, R530, R531, R532","Resistor","RESC1005X40N","12","C71617"
"SN74HCT14DR","IC99","Integrated Circuit","SOIC127P600X175-14N","1","C6769"
"CD74AC32M","IC59","Integrated Circuit","SOIC127P600X175-14N","1","C352943"
"SN74AC08D","IC53","Integrated Circuit","SOIC127P600X175-14N","1","C352941"
"SN74AC04D","IC1, IC52, IC201, IC301, IC401","Integrated Circuit","SOIC127P600X175-14N","5","C352940"
"1N4148WS-7-F","D1","Diode","SOD2513X120N","1","C2128"
"100nF","C1, C2, C3, C4, C5, C6, C9, C10, C11, C12, C14, C15, C21, C22, C23, C24, C25, C26, C27, C28, C31, C32, C33, C34, C35, C36, C37, C38, C41, C42, C43, C44, C45, C46, C47, C48","Capacitor","CAPC2012X145N","36","C111492"
